INSERT INTO inventory (product_name, stock)
VALUES ('ProductA', 1205),
       ('ProductB', 910),
       ('ProductC', 2334),
       ('ProductD', 5212),
       ('ProductE', 2443),
       ('ProductF', 5223),
       ('ProductG', 4222),
       ('ProductH', 2453),
       ('ProductI', 2243),
       ('ProductJ', 2544),
       ('ProductK', 2341),
       ('ProductL', 5544),
       ('ProductM', 2050),
       ('ProductN', 3045),
       ('ProductO', 2050),
       ('ProductP', 4050),
       ('ProductQ', 3005),
       ('ProductR', 2065);

INSERT INTO sales_emps (sales_name, sales_revanue)
VALUES ('Jason', 110000),
       ('Angie', 200000),
       ('Carrie', 205000),
       ('David', 440000),
       ('Eric', 256000),
       ('Frank', 303000),
       ('Garen', 299000),
       ('Harry', 200300),
       ('Irie', 203400),
       ('Jackson', 403000),
       ('Kyle', 300000),
       ('Lucy', 503000);

INSERT INTO sales_detail (product_name, sold_price, profit, sold_date, sales_name)
VALUES ('ProductA', 10050, 2000, '2021-12-13','Jason'),
       ('ProductA', 9000, 2200, '2021-12-14', 'Angie'),
       ('ProductA', 23434, 2333, '2021-12-15', 'Angie'),
       ('ProductA', 52342, 2343, '2021-12-16', 'Carrie'),
       ('ProductA', 23453, 2133, '2021-12-17', 'Carrie'),
       ('ProductA', 52243, 1453, '2021-12-18', 'David'),
       ('ProductA', 42452, 2342, '2021-12-19', 'David'),
       ('ProductA', 23453, 1231, '2021-12-21', 'Eric'),
       ('ProductA', 22443, 5436, '2021-12-21', 'Eric'),
       ('ProductB', 23554, 2221, '2021-12-21','Jason'),
       ('ProductB', 23421, 3333, '2021-12-22', 'Frank'),
       ('ProductB', 55454, 1242, '2021-12-22', 'Frank'),
       ('ProductB', 20050, 3423, '2021-12-22', 'Garen'),
       ('ProductB', 30050, 4343, '2021-12-23', 'Garen'),
       ('ProductB', 20050, 1212, '2021-12-24', 'Harry'),
       ('ProductC', 40050, 1212, '2021-12-25', 'Harry'),
       ('ProductC', 30050, 3423, '2021-12-25', 'Irie'),
       ('ProductE', 20050, 2343, '2021-12-26', 'Irie'),
       ('ProductE', 50050, 5422, '2021-12-26', 'Jackson'),
       ('ProductE', 40050, 1232, '2021-12-27', 'Jackson'),
       ('ProductF', 30050, 3433, '2021-12-27', 'Kyle'),
       ('ProductF', 30050, 123, '2021-12-27', 'Kyle'),
       ('ProductF', 20050, 2322, '2021-12-28', 'Lucy'),
       ('ProductG', 50050, 3231, '2021-12-28', 'Lucy'),
       ('ProductG', 20050, 1111, '2021-12-28', 'Carrie'),
       ('ProductH', 50050, 232, '2021-12-28', 'Carrie'),
       ('ProductI', 30050, 2343, '2021-12-28','Jason'),
       ('ProductR', 50050, 11110, '2021-12-29', 'Lucy'),
       ('ProductA', 30050, 2323, '2021-12-29', 'Lucy'),
       ('ProductR', 60050, 2343, '2021-12-29', 'Lucy'),
       ('ProductR', 10050, 5334, '2021-12-29', 'Jackson'),
       ('ProductE', 50050, 2342, '2021-12-29', 'Jackson'),
       ('ProductF', 10050, 1343, '2021-12-30', 'David'),
       ('ProductG', 40050, 3323, '2021-12-30', 'David'),
       ('ProductF', 20050, 2342, '2021-12-31', 'David'),
       ('ProductG', 60050, 2342, '2022-01-01', 'Frank'),
       ('ProductA', 50050, 4324, '2022-01-02', 'Frank'),
       ('ProductB', 40050, 1234, '2022-01-02', 'Frank'),
       ('ProductE', 30050, 3432, '2022-01-02', 'Frank');

INSERT INTO ads (ads_name, ads_cost, ads_view)
VALUES ('ADA', 120050, 345345),
       ('ADB', 91000, 646674),
       ('ADC', 233434, 23545),
       ('ADD', 521342, 45435),
       ('ADE', 234453, 564556),
       ('ADF', 525243, 234345),
       ('ADG', 424522, 24545),
       ('ADH', 234653, 12342),
       ('ADI', 224423, 2353465),
       ('ADJ', 235544, 889999),
       ('ADK', 236421, 2454322),
       ('ADL', 554254, 99999),
       ('ADM', 200250, 89765),
       ('ADN', 300450, 35563),
       ('ADO', 200650, 2344),
       ('ADP', 400520, 3000340),
       ('ADQ', 300450, 343345),
       ('ADR', 200650, 1786543);



       
       
